{
  "model": "gwd_model_20251124-234731.keras",
  "optimal_thresholds": {
    "youden": {
      "threshold": 0.71630859375,
      "tpr": 0.8204081632653061,
      "fpr": 0.10196078431372549,
      "j_stat": 0.7184473789515806,
      "description": "Maximiert (TPR - FPR) - Balanced approach"
    },
    "f1": {
      "threshold": 0.62744140625,
      "tpr": 0.8571428571428571,
      "fpr": 0.1411764705882353,
      "f1_score": 0.8553971486761711,
      "description": "Maximiert F1-Score - Gut bei unbalancierten Daten"
    },
    "fixed_fpr_5": {
      "threshold": 0.87060546875,
      "tpr": 0.7020408163265306,
      "fpr": 0.050980392156862744,
      "description": "Maximiert TPR bei FPR \u2248 5%"
    },
    "fixed_fpr_1": {
      "threshold": 0.95361328125,
      "tpr": 0.5510204081632653,
      "fpr": 0.011764705882352941,
      "description": "Maximiert TPR bei FPR \u2248 1% - Konservativ"
    },
    "cost_based": {
      "threshold": 0.4990234375,
      "tpr": 0.8938775510204081,
      "fpr": 0.20784313725490197,
      "cost": 0.7384553821528614,
      "description": "Minimiert Kosten (FN:5.0x, FP:1.0x)"
    },
    "fixed_tpr_90": {
      "threshold": 0.41552734375,
      "tpr": 0.8979591836734694,
      "fpr": 0.27058823529411763,
      "description": "Minimiert FPR bei TPR \u2248 90%"
    }
  }
}